rsid,minor_allele,effect_black,effect_brown,effect_red
rs796296176,CA,2.732,1.2522,25.508
rs11547464,A,-16.969,-0.61155,2.5381
rs885479,A,0.39983,0.2937,-0.20889
rs1805008,T,-0.86062,-0.50143,2.801
rs1805005,T,-0.0029013,0.21172,0.93493
rs1805006,A,-16.088,1.9293,3.65
rs1805007,T,-1.3757,-0.32318,3.4408
rs1805009,C,3.9824,0.25624,22.107
rs2228479,A,0.17012,-0.054143,0.62307
rs1110400,C,0.29143,-0.56315,1.4453
rs28777,C,0.82228,0.52168,0.70401
rs16891982,C,1.1617,0.75284,-0.41869
rs12821256,G,-0.89824,-0.34957,-0.57964
rs4959270,A,-0.36359,-0.19171,0.24861
rs12203592,T,1.997,1.6475,0.90233
rs1042602,A,0.065432,0.16092,0.45003
rs1800407,T,-0.49601,-0.19111,-0.27606
rs2402130,G,0.26536,0.35821,0.28313
rs12913832,A,1.9391,1.214,-0.093776
rs2378249,C,-0.089509,0.12669,0.76634
rs683,C,0.15796,0.21172,-0.053427